162,Yogi Vemana University,Andhra Pradesh,Kadapa,516216,14.4777895,78.7228623,1349,230,700
180,Sri Venkateswara University,Andhra Pradesh,Tirupati,517502,13.6284875,79.393181,21339,2926,1000
262,Andhra University,Andhra Pradesh,Visakhapatnam,530003,17.731576,83.3214858,70693,1031,423
283,Jawaharlal Nehru Technological University,Andhra Pradesh,Kakinada,533003,16.9785466,82.2406733,2893,296,110
284,Jawaharlal Nehru Technological University,Andhra Pradesh,Anantapur,515002,14.6497,77.6104,5697,423,155
285,Sri Krishnadevaraya University,Andhra Pradesh,Anantapuram,515003,14.6293421,77.6518227,2390,375,482
628,Sri Padmavati Mahila Visvavidyalayam,Andhra Pradesh,Tirupati,517502,13.6314604,79.3944199,,2022,138.43
833,Acharya Nagarjuna University,Andhra Pradesh,Guntur,522510,16.3812283,80.5307199,17592,2097,274
893,GITAM University,Andhra Pradesh,Visakhapatnam,530045,17.7794203,83.385399,,150,255.33
982,Dravidian University,Andhra Pradesh,Agaram,517426,12.7965477,78.3029937999999,7193,1680,1000
1044,Sri Venkateswara Institute of Medical Sciences,Andhra Pradesh,Tirupati,517507,13.6455355,79.406382,1017,533,107
1088,Acharya Nagarjuna University,Andhra Pradesh,Ongole,523001,15.485191,80.043538,17592,1340,274
1232,Sri Venkateswara Medical College,Andhra Pradesh,Chittoor,517507,13.6421041,79.4083187,,251,200
1252,Indian Institute of Technology Tirupati,Andhra Pradesh,Tirupati,517506,13.6308656,79.4542312,261,180,530
1262,Indian Institute of Management Visakhapatnam,Andhra Pradesh,Visakhapatnam,530003,17.7221506,83.3276215,,53,241.5
1342,Indian Institute of Information Technology Design and Manufacturing Kurnool,Andhra Pradesh,Kurnool,518002,15.761831,78.0364035999999,,75,151
1343,National Institute of Technology Andhra Pradesh,Andhra Pradesh,Tadepalligudem,534101,16.8138415,81.521241,1219,480,172.6
1763,VIT-AP University,Andhra Pradesh,Inavolu,522237,16.495557,80.5005919999999,,0,200
1771,SRM University AP,Andhra Pradesh,Kuragallu,522503,16.4563021,80.5168151,,0,200
1836,Indian Institute of Petroleum and Energy,Andhra Pradesh,Visakhapatnam,530003,17.7287213,83.3241592,261,100,150
2479,Andhra University College of Engineering,Andhra Pradesh,Visakhapatnam,530003,17.7287213,83.3241592,,1413,160
2511,VRS and YRN College of Engineering and Technology,Andhra Pradesh,Chirala,523157,15.8288045,80.3764001,394,498,110
2513,JNTUA College of Engineering,Andhra Pradesh,Pulivendula,516390,14.4416096,78.1906417,1368,450,175
2905,St Mary’s Group of Institutions,Andhra Pradesh,Narakoduru,522212,16.2374247,80.5583151,3659,2140,120
3745,Miracle Educational Society Group of Institutions,Andhra Pradesh,Vizianagaram,535216,17.9916559,83.5385174,947,816,800
4377,Gokul Institute of Technology and Sciences,Andhra Pradesh,Vizianagaram,535558,18.5821206,83.4281829,536,756,120
4383,Godavari Institute of Engineering and Technology,Andhra Pradesh,Rajahmundry,533296,17.0657916,81.8852582,3005,1788,300
4390,GMR Institute of Technology,Andhra Pradesh,Srikakulam,532127,18.465339,83.6494727,3475,996,155
4712,Chadalawada Ramanamma Engineering College,Andhra Pradesh,Tirupati,517520,13.6310873,79.4771981999999,1659,906,120
5069,Aditya Engineering College,Andhra Pradesh,Surampalem,533437,17.0894972,82.0667948999999,4136,2046,180
6569,Jawaharlal Nehru Technological University College of Engineering,Andhra Pradesh,Kakinada,533003,16.9791853,82.2404134,,498,110
6794,Gokul College of Pharmacy,Andhra Pradesh,Piridi,535558,18.5809506,83.427091,210,153,120
6868,Shri Vishnu College of Pharmacy,Andhra Pradesh,Bhimavaram,534206,16.568897,81.5250419999999,616,224,108
7140,Alluri Sitaramaraju Academy of Medical Sciences,Andhra Pradesh,Somavarappadu,534442,16.7370995,81.1439996,,268,120
7166,Narayana Medical College and Hospital,Andhra Pradesh,Nellore,524003,14.4259731,80.0136423999999,1414,442,143
7175,Santhiram Medical College and General Hospital,Andhra Pradesh,Nandyal,518112,15.491569,78.416149,,145,153
7182,JNTUA College of Engineering,Andhra Pradesh,Anantapur,515002,,,2413,856,185
7369,JNTUA College of Engineering,Andhra Pradesh,Kalikiri,517234,13.6514539,78.7846879999999,1118,360,107.23
8649,Aditya Global Business School,Andhra Pradesh,Surampalem,533437,17.0897269,82.0716423,,120,180
13284,Agricultural College,Andhra Pradesh,Bapatla,522101,15.9000835,80.4702310999999,994,691,328
14872,PVKN Government College,Andhra Pradesh,Varigapalli,500075,13.1997502,79.0602684,1267,1220,112
15932,SV Agricultural College,Andhra Pradesh,Tirupati,517502,13.6242893,79.3779051,761,80,202
16221,Gokul Group of Institutions,Andhra Pradesh,Vizianagaram,535573,18.56914,83.3748782999999,163,705,120
16223,Gokul PG College,Andhra Pradesh,Bobbili,535573,18.56914,83.3748782999999,,120,120
17087,Rajiv Gandhi Institute of Medical Sciences,Andhra Pradesh,Kadapa,516002,14.433236,78.8644498999999,,186,210
19188,SKU College of Arts,Andhra Pradesh,Anantapur,515003,14.6251964,77.6478852,2523,0,482
24272,All India Institute of Medical Sciences Mangalagiri,Andhra Pradesh,Mangalagiri,520008,16.444563,80.5848324999999,,50,183
25030,Centurion University of Technology and Management,Andhra Pradesh,Visakhapatnam,531173,17.8906811,83.2991563,,0,120
1,North Eastern Regional Institute of Science and Technology,Arunachal Pradesh,Itanagar,791109,27.1178324,93.7485874,1629,780,515.27
52,Rajiv Gandhi University,Arunachal Pradesh,Rono,791112,27.149038,93.770515,5542,1304,302
10140,Jawaharlal Nehru College,Arunachal Pradesh,Pasighat,791103,28.2179994,94.7277528,3497,1710,136
15775,College of Horticulture and Forestry,Arunachal Pradesh,Pasighat,326023,24.5399878,76.14309,330,95,145
113,Indian Institute of Technology Guwahati,Assam,Guwahati,781039,26.193846,91.691675,5626,797,704.25
125,Tezpur University,Assam,Tezpur,784028,26.6988806,92.8364414,,1320,261.47
126,Assam University,Assam,Silcoorie Grant,788011,24.6859696,92.7498651,4008,2049,600
139,National Institute of Technology Silchar,Assam,Silchar,788010,24.7582998,92.7905957,2968,1105,625
242,Dibrugarh University,Assam,Dibrugarh,786004,27.4473167,94.8968771,34737,2265,500
912,Gauhati University,Assam,Guwahati,781014,26.1550732,91.6628334,31911,2336,650
973,Assam Don Bosco University,Assam,Guwahati,781004,26.200162,91.7797482999999,2564,1476,500
4921,Assam Engineering College,Assam,Guwahati,781013,26.1435672,91.6614071999999,2047,522,400
10038,Kamrup College,Assam,Nalbari,781306,26.4012799,91.3490355,1425,0,210
18348,Beltola College,Assam,Guwahati,781028,26.1161123,91.7943983,1146,0,104.8
107,Indian Institute of Technology Patna,Bihar,Patna,801103,25.5340584,84.8489739,1378,390,500
675,Indira Gandhi Institute of Medical Sciences,Bihar,Patna,800014,25.6042704,85.0964822,933,165,130.2
703,Central University of South Bihar,Bihar,Gaya,800014,25.5961217,85.0876228,1187,1215,300
988,Jai Prakash Vishwavidyalaya,Bihar,Chhapra,841302,25.7796748,84.7873182,1057,0,242
1027,Patna University,Bihar,Patna,800005,25.6201778,85.1673785,2485,3092,181.58
1062,Tilka Manjhi Bhagalpur University,Bihar,Bhagalpur,812002,25.2488712,86.9580280999999,2989,120,264
1150,Lalit Narayan Mithila University,Bihar,Darbhanga,846004,26.1609905,85.8958245,2069,0,201
1156,Magadh University,Bihar,Dhandhwa,824234,24.6986845,84.9671219,4564,0,460
1266,Indian Institute of Management Bodh Gaya,Bihar,Bodhgaya,824234,24.6848608,84.9596457,,0,118
1678,Mahatma Gandhi Central University,Bihar,Motihari,845401,26.6465136,84.9059282,548,60,302
4820,Bhagalpur College of Engineering,Bihar,Bhagalpur,813210,25.2387648,87.0458387,838,500,167
6173,Jawahar Lal Nehru Medical College,Bihar,Bhagalpur,812002,25.2570575,86.9937241,249,159,209
8936,Adwaita Mission Institute of Technology,Bihar,Maniyarpur,813104,24.7511359,86.9605313,107,300,132
15032,Purnea College,Bihar,Purnea,854301,25.7944250999999,87.4693264,5294,0,118.78
18477,Sri Krishna Medical College,Bihar,Muzaffarpur,842001,26.1669211,85.3934566,371,126,170
18570,'Women''s Training College',Bihar,Patna,800001,25.6234486,85.1323779,200,100,200
25042,Amity University,Bihar,Patna,801503,25.6122875,85.0542640999999,,120,110
198,Punjab Engineering College,Chandigarh,Chandigarh,160012,30.766192,76.7783748,3088,992,146
744,Postgraduate Institute of Medical Education and Research Chandigarh,Chandigarh,Chandigarh,160012,30.766192,76.7783748,1207,439,277
874,Panjab University,Chandigarh,Chandigarh,160014,30.7606188,76.7653924,38351,6817,550
89,MATS University,Chhattisgarh,Gullu,493441,21.2470623,81.9981550999999,5920,120,110
221,Guru Ghasidas Vishwavidyalaya,Chhattisgarh,Bilaspur,495009,22.1293214,82.1360025999999,6862,3511,655
375,Indian Institute of Management Raipur,Chhattisgarh,Raipur,492101,21.121028,81.8246351999999,458,72,200
914,Pt Ravishankar Shukla University,Chhattisgarh,Raipur,492010,21.2515577,81.59525,2285,2050,300.17
1255,Indian Institute of Technology Bhilai,Chhattisgarh,Bhilai,492015,21.1687291,81.6747295,,120,432
17627,KD Rungta College of Science and Technology,Chhattisgarh,Raipur,492099,21.2721293,81.5796022,543,0,150
2,Indian Institute of Technology Delhi,Delhi,New Delhi,110016,28.5449756,77.1926283999999,9586,899,320
97,Delhi Technological University,Delhi,New Delhi,110042,28.7499867,77.1183137,9347,2694,164
596,Jamia Millia Islamia,Delhi,New Delhi,110025,28.5618579,77.2920985,18065,7564,215
754,Indian Agricultural Research Institute,Delhi,New Delhi,110012,28.6376724,77.1571443,884,169,1250
876,Jawaharlal Nehru University,Delhi,New Delhi,110067,28.543087,77.1658378,7482,1560,1019
3653,Netaji Subhas University of Technology,Delhi,New Delhi,110078,28.6096285,77.0362151,3759,1317,145
5853,Maulana Azad Medical College,Delhi,New Delhi,110002,28.6326004,77.2409778,,478,122
17603,'Instrument Design Development Centre, Indian Institute of Technology',Delhi,New Delhi,110016,28.5452912,77.1923236,,0,320
63,BITS Pilani,Goa,Chicalim,403726,15.3917942,73.87425,,0,180
898,Goa University Taleigao Plateau,Goa,Taleigao,403206,15.4556021,73.8408955,1980,1136,427.49
1254,Indian Institute of Technology Goa,Goa,Ponda,403401,15.412618,73.9893388,170,90,300
4385,Goa College of Engineering,Goa,Ponda,403401,15.4057106,73.9859414,2058,576,268
6127,Goa Medical College,Goa,Bambolim,403202,15.464357,73.8583705999999,1166,278,319
108,Indian Institute of Technology Gandhinagar,Gujarat,Gandhinagar,382355,23.2114604,72.6841856999999,1439,685,400
137,Sardar Vallabhbhai National Institute of Technology Surat,Gujarat,Surat,395007,21.1657676,72.7939386,4766,1396,251
235,Maharaja Sayajirao University of Baroda,Gujarat,Vadodara,390002,22.3120277,73.1836372,39182,13911,274.81
318,Ganpat University,Gujarat,Mulsan,384001,23.5292875,72.4577362999999,1023,5059,300
473,Maharaja Krishnakumarsinhji Bhavnagar University,Gujarat,Bhavnagar,364002,21.7575318,72.1288918999999,19941,1098,269.24
715,Ahmedabad University,Gujarat,Ahmedabad,380009,23.0388892,72.5507903,3726,65,250
735,Nirma University,Gujarat,Ahmedabad,382481,23.125873,72.5460079,8092,2542,115
884,Saurashtra University,Gujarat,Rajkot,360005,22.2930753,70.7436094,14373,994,360
903,Gujarat University,Gujarat,Ahmedabad,380009,23.035626,72.5641536,1949,3482,260
959,Charotar University of Science and Technology,Gujarat,Changa,388421,22.5902575,72.8005865,,2572,110
994,Hemchandracharya North Gujarat University,Gujarat,Patan,384265,23.8614893,72.1342083,2962,2914,212
1016,Navsari Agricultural University,Gujarat,Navsari,396450,20.9301704,72.9127019,,37,2278.47
1111,Veer Narmad South Gujarat University,Gujarat,Surat,395007,,,5282,2192,210
1378,Parul University,Gujarat,Waghodia,391760,22.2888265,73.3637966999999,,6974,150
1517,Anant National University,Gujarat,Ahmedabad,382115,23.0710054,72.3429525,265,80,110
3935,Laxmi Institute of Technology,Gujarat,Vapi,396105,20.2919864,72.8788376,478,840,120
4345,Government Engineering College,Gujarat,Modasa,383315,23.4628686,73.2999385,3777,876,216
4699,Chandubhai S Patel Institute of Technology,Gujarat,Anand,388421,22.5902575,72.8005865,3243,954,110
5777,Government Medical College,Gujarat,Surat,395001,21.1780573,72.8202524,,426,130
8183,Parul Institute of Management,Gujarat,Waghodia,391760,22.3036529,73.3985737,,180,150
8714,Sir KP College of Commerce,Gujarat,Surat,395001,21.1841986,72.8078543,3059,0,403.67003
9165,Laxmi Institute of Commerce and Computer Applications,Gujarat,Karanj,396155,20.310133,72.8427567,63,120,120
9781,Laxmi Institute of Management,Gujarat,Sarigam,396105,20.2948511,72.8788415,53,60,120
10254,Acharya Motibhai Patel Institute of Computer Studies,Gujarat,Mehsana,384001,23.5289727,72.4569046,340,144,300
18762,'Mehsana Urban Institute of Sciences, Ganpat University',Gujarat,Kherva,384001,23.5441702,72.442088,1808,930,300
18778,Parul Institute of Business Administration,Gujarat,Waghodia,391760,22.2885056999999,73.3627242,448,240,150
18785,Parul Institute of Applied Sciences and Research,Gujarat,Waghodia,391760,22.3036529,73.3985737,126,320,150
18905,Shree KJ Mehta TB Hospital Trust College of Dental Science,Gujarat,Shihor,364210,21.7132585,71.8704741,,118,182
22272,ASPEE College of Home Science and Nutrition,Gujarat,Dantiwada,385505,24.32383,72.3308073,,95,2928.2
91,Deen Bandhu Chhotu Ram University of Science and Technology,Haryana,Sonepat,131039,29.0207848,77.0670393,3632,1406,273
145,National Institute of Technology Kurukshetra,Haryana,Kurukshetra,136119,29.9451403,76.8173138,4656,1552,300
231,Guru Jambheshwar University of Science and Technology,Haryana,Hisar,125001,29.1749099,75.7262461,14062,2191,372
361,National Dairy Research Institute,Haryana,Karnal,132001,29.6916079,76.9877275,539,88,1348.08
466,Maharishi Markandeshwar Deemed to be University,Haryana,Mullana,133207,30.2482367,77.0416942,8410,831,150
557,Indian Institute of Management Rohtak,Haryana,Rohtak,124001,28.8763831,76.615277,534,120,200
569,'Maharshi Dayanand University, Directorate of Distance Education',Haryana,Rohtak,124001,28.8769643,76.6210538999999,,0,665.44
702,Amity University,Haryana,Chandla Dungerwas,122413,28.3034366,76.9038011,5281,435,110
757,Chaudhary Charan Singh Haryana Agricultural University,Haryana,Hisar,125004,29.1524908,75.6786725,,676,6095
883,Kurukshetra University,Haryana,Kurukshetra,136119,29.9566406,76.8175031999999,8099,5410,473
889,Maharshi Dayanand University,Haryana,Rohtak,124001,28.8784023,76.6225124,102870,3965,665.44
917,Chaudhary Devi Lal University,Haryana,Sirsa,125055,29.5503779,75.0392105999999,4643,1886,213
941,Bhagat Phool Singh Mahila Vishwavidyalaya,Haryana,Khanpur Kalan,131305,29.1637934,76.7899135,2909,3649,384
943,Baba Mastnath University,Haryana,Rohtak,124001,28.874943,76.6445719999999,2452,2795,200
1847,Jan Nayak Chaudhary Devi Lal Vidyapeeth,Haryana,Sirsa,125055,29.5591027,75.0573165999999,4288,1071,180
2789,The Technological Institute of Textile and Sciences,Haryana,Bhiwani,127021,28.8069499,76.1189485,,642,113
6156,Pt Bhagwat Dayal Sharma Post Graduate Institute of Medical Sciences,Haryana,Rohtak,124001,28.8830239,76.6058272,1847,889,350
9758,JCD Institute of Business Management,Haryana,Sirsa,125055,29.5592395,75.0584152999999,317,210,180
14460,Rewari Degree College,Haryana,Nangli Godha Village,123501,28.161774,76.543086,,0,286
21462,Jan Nayak Ch Devi Lal Memorial College of Pharmacy,Haryana,Sirsa,125055,29.5574697,75.0640349999999,239,192,180
21470,MM College of Pharmacy,Haryana,Mullana,133207,30.2551606,77.0506896,353,170,133
105,Indian Institute of Technology Mandi,Himachal Pradesh,Suran,175005,31.7732422,76.9849627,1012,200,538
149,National Institute of Technology Hamirpur,Himachal Pradesh,Hamirpur,177005,31.7096577,76.5240937,3215,1132,320
598,Himachal Pradesh University,Himachal Pradesh,Shimla,171005,31.114582,77.1398878,16349,2134,200
712,Arni University,Himachal Pradesh,Kangra,176402,32.107821,75.6581834999999,1165,0,120
764,Chaudhary Sarwan Kumar Himachal Pradesh Krishi Vishvavidyalaya,Himachal Pradesh,Palampur,176062,32.0923064,76.3392101,1497,536,981
985,Eternal University,Himachal Pradesh,Sirmour,173101,30.7536737,77.296542,1228,1449,164.93
1080,Sri Sai University,Himachal Pradesh,Gangoh,176081,32.0804715,76.5932236999999,1142,1200,250
1264,Indian Institute of Management Sirmaur,Himachal Pradesh,Sirmaur,173025,30.4446294,77.6438436,86,0,404
4280,Himachal Institute of Engineering and Technology,Himachal Pradesh,Kangra,176206,32.2228894,76.1579041,450,546,200
7568,Himachal Pradesh University Business School,Himachal Pradesh,Shimla,171005,31.114582,77.1398878,,120,200
22169,HIET School of Legal Studies,Himachal Pradesh,Shahpur,176206,32.2197295,76.1728373,47,60,200
22297,Arni School of Commerce,Himachal Pradesh,Indora,176402,32.107821,75.6581834999999,,60,120
22298,Arni School of Art and Humanities,Himachal Pradesh,Indora,176402,32.107821,75.6581834999999,,50,120
187,Shri Mata Vaishno Devi University,Jammu and Kashmir,Dudura,182320,32.9445657,74.9496263,1651,817,370
281,Sher-e-Kashmir University of Agricultural Sciences and Technology of Kashmir,Jammu and Kashmir,Jammu,180003,32.6843879,74.8451799,638,437,226.8427
472,University of Jammu,Jammu and Kashmir,Jammu,180006,32.8392268,75.0580674,16578,2020,118
718,Central University of Kashmir,Jammu and Kashmir,Ganderbal,191201,34.2164955,74.7719431,1981,60,503
907,University of Kashmir,Jammu and Kashmir,Srinagar,190006,34.1278633,74.838084,16085,3195,327.99
1515,Indian Institute of Management Jammu,Jammu and Kashmir,Jammu,180016,32.7259726,74.8536372,,0,200
1638,Indian Institute of Technology Jammu,Jammu and Kashmir,Jammu,181221,32.7554494,74.8243939,185,150,400
1764,Sher-e-Kashmir University of Agricultural Sciences and Technology of Jammu,Jammu and Kashmir,Jammu,180009,32.7266016,74.8570259,1155,170,578
146,National Institute of Technology Jamshedpur,Jharkhand,Jamshedpur,831014,22.7770173999999,86.1441159999999,2871,861,341.3
226,Indian Institute of Technology Indian School of Mines Dhanbad,Jharkhand,Dhanbad,826004,23.8139708,86.4412667,6790,2005,218
250,Birla Institute of Technology,Jharkhand,Ranchi,835215,23.423145,85.4178429,4596,1544,979.99998
949,Birsa Agricultural University,Jharkhand,Ranchi,834006,23.4268136,85.3362352,809,651,3550.904
6110,Central Institute of Psychiatry,Jharkhand,Ranchi,834006,23.4181316,85.3169533,89,70,211
6204,Rajendra Institute of Medical Sciences,Jharkhand,Ranchi,834009,23.390522,85.3473229999999,1092,423,216
25050,Dr Shyama Prasad Mukherjee University,Jharkhand,Ranchi,834008,23.3882665,85.3228859999999,,0,110
140,National Institute of Technology Karnataka Surathkal,Karnataka,Mangaluru,575025,13.0120532,74.7966079,5436,1383,300
182,JSS Science and Technology University,Karnataka,Mysuru,570006,12.3146318,76.6126818,4494,1771,102
349,Sri Siddhartha Academy of Higher Education,Karnataka,Tumkur,572107,13.7480545,75.7722744,3212,1211,275
414,Indian Institute of Science,Karnataka,Bengaluru,560012,13.0145676,77.5709296,4149,475,434.16
717,Central University of Karnataka,Karnataka,Gola B,585311,17.4329538,76.6730347999999,1669,693,654
725,Manipal Academy of Higher Education,Karnataka,Manipal,576104,13.3567684,74.7827132,22215,3752,648.19
746,National Institute of Mental Health and Neuro Sciences,Karnataka,Bengaluru,560029,12.9399274,77.5977391,934,243,135
751,KLE Academy of Higher Education and Research,Karnataka,Belgaum,590010,15.8825363,74.5177639,,834,120.32
763,University of Agricultural Sciences,Karnataka,Bengaluru,560065,13.094088,77.578241,1688,251,1380
765,University of Agricultural Sciences,Karnataka,Dharwad,580005,15.4832292,74.9974358,,104,5427
887,University of Mysore,Karnataka,Mysuru,570006,12.3145446,76.615277,4831,30,739
888,Bangalore University,Karnataka,Bengaluru,560056,12.9470447,77.4887668,8274,3629,1100
896,JSS Academy of Higher Education and Research,Karnataka,Mysuru,570015,12.34513,76.65392,2562,1776,101
908,Mangalore University,Karnataka,Mangalore,574199,12.8165454,74.9235673,3770,1194,346.92
909,Kuvempu University,Karnataka,Shankaraghatta,577115,13.7297755,75.6353564,38495,1735,230
911,Karnataka University,Karnataka,Dharwad,580003,15.438013,74.9864319,3573,1732,888
913,Gulbarga University,Karnataka,Gulbarga,585106,17.1927224,77.1789815,3722,1657,860
1014,Rani Channamma University,Karnataka,Belagavi,591156,15.3168374,75.1434852,997,195,172
1064,Tumkur University,Karnataka,Tumkur,572103,13.336645,77.1198365,1475,106,110
1121,Jain University,Karnataka,Bengaluru,562117,12.7456283,77.4876724,12938,1695,300
1171,Kannada University,Karnataka,Kamalapur,583215,15.2872791,76.4911042,3512,0,700
1172,Karnataka State Womens University,Karnataka,Navarasapur,586108,16.8287965,75.667986,1598,1486,281
1344,Dayananda Sagar University,Karnataka,Bengaluru,560078,12.9094321,77.5652253,2470,1635,103
1639,Indian Institute of Technology Dharwad,Karnataka,Dharwad,580011,15.5205821,74.9259922,235,120,470
1895,Karnataka State Rural Development and Panchayat Raj University,Karnataka,Gadag,582101,15.4236919,75.6362024,191,650,400
2129,Manipal Institute of Technology,Karnataka,Manipal,576104,13.3536211,74.784811,9054,2422,162
2132,School of Engineering and Technology Jain University,Karnataka,Bengaluru,562112,12.6458148,77.4975084,,1650,350
2536,Sir M Visvesvaraya Institute of Technology,Karnataka,Bengaluru,562157,13.1545576,77.6053558,3295,998,133
3633,NMAM Institute of Technology,Karnataka,Nitte,574110,13.1840916,74.933973,4911,1427,110
5123,APS College of Engineering,Karnataka,Bengaluru,560082,12.7836606,77.4965436999999,1125,396,104
5747,Bangalore Medical College and Research Institute,Karnataka,Bengaluru,560002,12.9601995,77.5753768,2105,667,200
5868,St Johns Medical College,Karnataka,Bengaluru,560034,12.9328177,77.6224224,806,471,132
6291,S Nijalingappa Medical College and HSK Hospital and Research Centre,Karnataka,Bagalkot,587102,16.1815588,75.6405062,3887,243,250
6437,Vijayanagar Institute of Medical Sciences,Karnataka,Ballari,583276,15.1556993,76.8980228,,421,173
6440,Kasturba Medical College,Karnataka,Manipal,576104,13.3542289,74.7871010999999,1784,462,648.19
8011,Sri Siddhartha Medical College,Karnataka,Tumakuru,572107,13.3453931,77.0584301999999,831,181,220
8388,Department of Management Studies Indian Institute of Science,Karnataka,Bengaluru,560012,13.0220277,77.566677,,15,443
11738,KVT Polytechnic,Karnataka,Kandavara,562103,13.4027874,77.731032,438,250,110
12595,SJB College of Nursing,Karnataka,Bengaluru,560060,12.8983566,77.4953511,369,170,110
17492,Acharya Polytechnic,Karnataka,Bengaluru,560107,13.0896641,77.486207,1634,900,120
20394,Dr Nitte Shankara Adyanthaya Memorial First Grade College,Karnataka,Nitte,574110,13.1818318,74.9413361,586,0,103
20512,Regional Institute of Education,Karnataka,Mysuru,570006,12.314831,76.6210539,683,340,120
20534,Acharya School of Design,Karnataka,Bengaluru,560090,13.0882738,77.4854672,92,0,120
21974,Sir MV School of Architecture,Karnataka,Bengaluru,562157,13.1502149,77.6079394999999,,40,133
21977,College of Agriculture,Karnataka,Karekere,573131,13.0981694,76.4476320999999,780,0,184.25
21981,College of Sericulture and Agriculture,Karnataka,Chintamani,563125,13.335447,78.0823972,410,0,180
21991,Veterinary College,Karnataka,Bidar,585403,17.8690449,77.4789762,,0,156
21992,Veterinary College,Karnataka,Shivamogga,577204,13.967064,75.5350422,305,0,157
21999,College of Agriculture,Karnataka,Shivamogga,577204,13.9707174,75.5797374999999,,0,192.742
118,Indian Institute of Science Education and Research Thiruvananthapuram,Kerala,Thiruvananthapuram,695016,8.5441622,76.905242,1027,0,200
151,National Institute of Technology Calicut,Kerala,Kattangal,673601,11.3194616,75.9373203,5480,1545,300
439,Indian Institute of Management Kozhikode,Kerala,Kozhikode,673570,11.3061917,75.8788007,1158,375,112.5
441,University of Calicut,Kerala,Malappuram,673635,11.1338609,75.8940262,152667,1533,546.73
719,Central University of Kerala,Kerala,Kasaragod,671316,12.3931087,75.0977755,1356,1039,310
812,Cochin University of Science and Technology,Kerala,Kochi,682022,10.0440105,76.3252442,4041,2235,180
906,Mahatma Gandhi University,Kerala,Kottayam,686560,9.6596251,76.5318775,505,690,110
1253,Indian Institute of Technology Palakkad,Kerala,Palakkad,678557,10.8002318,76.8210518,359,160,500
3617,NSS College of Engineering,Kerala,Palakkad,678008,10.8242901,76.6414066,2535,678,125
3831,Malabar Institute of Technology,Kerala,Anjarakandy,670612,11.877363,75.4975928999999,671,276,250
4230,Indian Naval Academy,Kerala,Kannur,670310,12.0413352,75.1931763,,330,2452
4640,College of Engineering,Kerala,Thiruvananthapuram,695016,8.5447472,76.8961253,4247,1856,125
4737,Believers Church Caarmel Engineering College,Kerala,Koonamkara,689711,9.3681054,76.8759201,872,552,120
5959,Kannur Dental College,Kerala,Anjarakandy,670612,11.8752471,75.4981565,516,119,220
6128,Government Medical College,Kerala,Kozhikode,673008,,,,912,270
6133,Government Medical College,Kerala,Thiruvananthapuram,695011,,,1000,521,139
6141,Government Medical College,Kerala,Thrissur,680596,10.6144974,76.1960672999999,,357,250
6220,T D Medical College,Kerala,Vandanam,688005,9.41641489999999,76.3475806999999,,385,162
6307,Pariyaram Medical College,Kerala,Pariyaram,670503,12.0715235,75.2917688999999,,155,119
8340,Aligarh Muslim University Malappuram Centre,Kerala,Anamangad,679340,10.9247375,76.2383151,,170,336
8750,Kannur Medical College,Kerala,Anjarakandy,670612,11.8758311,75.499217,,170,218
8937,Kannur College of Pharmacy,Kerala,Kannur,670612,11.8743245,75.4987960999999,221,96,220
13919,SAFI Institute of Advanced Study,Kerala,Malappuram,673633,11.227147,75.9113477999999,1111,373,150
14219,Paramekkavu College of Arts and Science,Kerala,Thrissur,680020,10.5250873,76.2173170999999,,196,434
14233,'St Xavier''s College',Kerala,Thiruvananthapuram,695586,8.5510614,76.8545809,1058,192,110
104,Indian Institute of Technology Indore,Madhya Pradesh,Simrol,452020,22.539009,75.9113971,1313,275,501.42
119,Indian Institute of Science Education and Research Bhopal,Madhya Pradesh,Bhopal,462066,23.2859481,77.2774474,1348,0,200
152,Maulana Azad National Institute of Technology Bhopal,Madhya Pradesh,Bhopal,462003,23.2218772,77.403346,,1643,650
154,Rajiv Gandhi Proudyogiki Vishwavidyalaya,Madhya Pradesh,Bhopal,462033,23.3102731,77.3619185999999,,168,247
158,Jaypee University of Engineering and Technology,Madhya Pradesh,Chetabarri,473226,24.4310452,77.1499544,1605,795,125
160,Atal Bihari Vajpayee Indian Institute of Information Technology and Management Gwalior,Madhya Pradesh,Gwalior,474015,26.2486521,78.1749687,919,338,160
191,ITM University,Madhya Pradesh,Gwalior,475001,26.1375763,78.2096121,4858,3589,165
222,Jiwaji University,Madhya Pradesh,Gwalior,474011,26.1989422,78.1938472,3199,2682,225
268,PDPM Indian Institute of Information Technology Design and Manufacturing Jabalpur,Madhya Pradesh,Jabalpur,482005,23.1851823,80.0325462,1081,420,300
280,Vikram University,Madhya Pradesh,Ujjain,456010,23.1648687,75.8098141,1291,2080,330
380,Indian Institute of Forest Management,Madhya Pradesh,Bhopal,462003,23.2074655,77.38699,203,150,230
390,Indian Institute of Management Indore,Madhya Pradesh,Indore,453556,22.625626,75.790964,1773,661,193
778,Lakshmibai National Institute of Physical Education,Madhya Pradesh,Gwalior,474002,26.2150225,78.1860113,990,495,153
780,All India Institute of Medical Sciences Bhopal,Madhya Pradesh,Bhopal,462020,23.2067354,77.459441,,270,143
813,Netaji Subhash Chandra Bose Medical College and Hospital,Madhya Pradesh,Jabalpur,482003,23.1510812,79.881501,191,229,187
900,Dr Harisingh Gour Vishwavidyalaya,Madhya Pradesh,Sagar,470003,23.8320673,78.7667618,5221,4667,1300
935,Awadhesh Pratap Singh University,Madhya Pradesh,Itaura,486003,24.5676929,81.3326491999999,2624,1140,246.2
1117,Barkatullah University,Madhya Pradesh,Bhopal,462026,,,3421,1835,400
1200,Jagran Lakecity University,Madhya Pradesh,Bhopal,462044,23.2252084,77.2994144,1967,480,200
1437,Daly College Business School,Madhya Pradesh,Indore,452001,22.7030474,75.8955498999999,,60,118
1686,Sanchi University of Buddhist Indic Studies,Madhya Pradesh,Barla,464651,23.406152,77.7527976,,307,120
1853,VIT University,Madhya Pradesh,Bhopal,466114,23.0775316,76.8512714999999,,0,150
1909,SAGE University,Madhya Pradesh,Indore,452020,22.637346,75.8521192,421,470,620.35
2756,Ujjain Engineering College,Madhya Pradesh,Ujjain,456010,23.1476542,75.7967371,,608,300
3375,Rewa Engineering College,Madhya Pradesh,Rewa,486002,24.5556853,81.3135307,967,300,250
3442,Radharaman Engineering College,Madhya Pradesh,Mendora,462046,23.6288048,77.2117733,,822,150
4162,Jabalpur Engineering College,Madhya Pradesh,Jabalpur,482011,23.1919063,79.9870188,,1072,255
4227,Indira Gandhi Engineering College,Madhya Pradesh,Baheria Gadgad,470021,23.875027,78.8241068,951,270,220
4782,Bhopal Institute of Technology and Science,Madhya Pradesh,Bhopal,462045,23.1402152,77.5332796,,414,200
4784,Bhopal Institute of Technology,Madhya Pradesh,Bhopal,462045,23.1402152,77.5332796,,336,300
8044,University Institute of Technology Rajiv Gandhi Proudyogiki Vishwavidyalaya,Madhya Pradesh,Bhopal,462036,23.3113931,77.3697672,,894,241.14
19847,JLU School of Engineering and Technology,Madhya Pradesh,Mali Khedi,462044,23.2031817,77.2942826999999,,0,200
19849,JLU School of Hospitality and Tourism,Madhya Pradesh,Mali Khedi,462044,23.1950786,77.3065952,,0,200
19851,JLU School of Education,Madhya Pradesh,Mali Khedi,462007,23.1758288,77.3875729999999,,0,200
19999,Bhopal Institute of Technology and Science Pharmacy,Madhya Pradesh,Bhopal,464551,23.1218501,77.5433559,,160,200
18,Rashtrasant Tukadoji Maharaj Nagpur University,Maharashtra,Nagpur,440001,21.1480038,79.0746545,3754,1825,318
116,Indian Institute of Technology Bombay,Maharashtra,Mumbai,400076,19.133038,72.911132,6784,1126,550
144,Visvesvaraya National Institute of Technology Nagpur,Maharashtra,Nagpur,440010,21.1215395,79.0504342,1075,922,215.26
206,Narsee Monjee Institute of Management Studies,Maharashtra,Mumbai,400056,19.2307527,72.856739,17110,3874,179.26
240,Dr Babasaheb Ambedkar Technological University,Maharashtra,Lonere,402103,18.1665189,73.3347139,2655,1146,525
243,Shivaji University,Maharashtra,Kolhapur,416004,16.6842415,74.2590148,,1912,853
309,Sant Gadge Baba Amravati University,Maharashtra,Amravati,444602,20.9363598,77.7995573,,1408,447
310,Dr Babasaheb Ambedkar Marathwada University,Maharashtra,Aurangabad,431004,19.9004937,75.3115475,4805,2187,724.24
488,Tata Institute of Social Sciences,Maharashtra,Mumbai,400088,19.0454303,72.9216947,3987,1391,321.05
597,Savitribai Phule Pune University,Maharashtra,Pune,411007,18.5490981,73.8246872,5487,3656,411
618,Pravara Institute of Medical Sciences,Maharashtra,Loni,413736,19.58041,74.4659065,,713,115.94
726,Bharati Vidyapeeth,Maharashtra,Pune,411030,18.458361,73.8544034,5505,3471,187.91
733,Symbiosis International University,Maharashtra,Pune,412115,18.5409874,73.7270528,,4741,300
752,Datta Meghe Institute of Medical Sciences,Maharashtra,Wardha,442004,20.745319,78.6021946,3059,825,125
879,Kavayitri Bahinabai Chaudhari North Maharashtra University,Maharashtra,Jalgaon,425001,21.0182435,75.5629677,2739,1581,646
891,University of Mumbai,Maharashtra,Mumbai,400032,18.9295955,72.8286407,76914,0,243
963,Deccan College of Post Graduate and Research Institute,Maharashtra,Pune,411006,18.5494492,73.8732786,295,307,115
980,Dr Balasaheb Sawant Konkan Krishi Vidyapeeth,Maharashtra,Ratnagiri,415712,17.7496012,73.1784705,,894,1958
1094,Swami Ramanand Teerth Marathwada University,Maharashtra,Nanded,431606,19.1097823,77.2893606,6321,1194,525
1250,Indian Institute of Management Nagpur,Maharashtra,Nagpur,440010,21.1292572,79.0489685,,120,131.79
1453,Aditya B Ed College,Maharashtra,Beed,431122,18.9932497999999,75.7808431999999,119,100,300
1658,MIT Art Design and Technology University,Maharashtra,Pune,412201,18.4925900999999,74.0254827,3246,589,125
1659,Sandip University,Maharashtra,Nashik,422213,19.9677086,73.6695548,1428,732,250
2010,Dr DY Patil School of Engineering and Technology,Maharashtra,Pimpri-Chinchwad,411018,18.6231133,73.8198508,1623,876,110
2773,Trinity College of Engineering and Research,Maharashtra,Yewalewadi,411048,18.4206499,73.9055799999999,1640,840,110
3051,SND College of Engineering and Research Centre,Maharashtra,Nashik,423401,20.0659704,74.4547949999999,,822,150
3206,Sandip Institute of Technology and Research Center,Maharashtra,Mahiravni,422213,19.9668106,73.6617149,2382,636,225
3278,Sanjay Ghodawat Group of Institutions,Maharashtra,Mangaonwadi,416118,16.7363166,74.3953998,,0,150
4042,Late GN Sapkal College of Engineering,Maharashtra,Nashik,422213,19.944184,73.6003829999999,1910,664,110
4086,KJ College of Engineering and Management Research,Maharashtra,Yewalewadi,411048,18.4387973,73.8954972,1568,816,110
4363,Government College of Engineering,Maharashtra,Amravati,444604,20.9689421,77.7670946,,604,114
5255,College of Engineering,Maharashtra,Osmanabad,413501,18.7742164,75.7115534,1157,384,148
5536,Shailesh J Mehta School of Management Indian Institute of Technology,Maharashtra,Mumbai,400076,19.1199154,72.9012496,,0,489.19
5783,Indian Law Society Law College,Maharashtra,Pune,411004,18.5142961,73.8287303,1586,702,195
5972,Kasturba Health Societys Mahatma Gandhi Institute of Medical Sciences,Maharashtra,Sevagram,442102,20.7387488,78.6611203,501,172,450.75
6139,Government Medical College,Maharashtra,Nagpur,440009,21.1295884,79.0989661,1421,578,196
6140,Dr Shankarrao Chavan Government Medical College,Maharashtra,Nanded,431601,19.1563979,77.3132800999999,615,160,115
7842,Sinhgad Institute of Business Administration and Computer Application,Maharashtra,Lonavala,410401,18.7305901,73.4268608,206,360,150
7925,SND College of Pharmacy,Maharashtra,Adgaon Repal,423401,20.1326027,74.3390161,279,214,150
7936,RG Sapkal College of Pharmacy,Maharashtra,Anjaneri,422213,19.9438855,73.5994381,336,136,110
7940,'Hon Shri Babanrao Pachpute Vichardhara Trust''s Group of Institutions',Maharashtra,Jangalewadi,414701,18.5741099,74.613691,79,1228,110
7996,Jawaharlal Nehru Medical College,Maharashtra,Wardha,442001,20.717953,78.5831181,,339,122
8990,Trinity Academy of Engineering,Maharashtra,Pune,411048,18.420721,73.9048222999999,1134,768,110
9660,Trinity Institute of Management and Research,Maharashtra,Pune,411048,18.4204659,73.9043587999999,132,120,108
11019,'Vidya Pratishthan''s Polytechnic College',Maharashtra,Indapur,413106,18.1172619,75.0134038999999,493,300,156
12257,Sandip Polytechnic,Maharashtra,Nashik,422213,19.9630321,73.6666919,1430,600,200
12261,Trinity Polytechnic,Maharashtra,Pune,411048,18.4201182,73.9040191,406,300,110
12324,Trinity College of Architecture,Maharashtra,Pune,411048,18.4214537,73.9076364999999,110,40,108
12329,Vidya Pratishthan’s School of Architecture,Maharashtra,Baramati,413133,18.1799271,74.6122269,162,30,156
12330,Viva School of Architecture,Maharashtra,Shirgaon,401303,19.4811377,72.8554169,,80,200
12381,Dr APJ Abdul Kalam College of Physiotherapy,Maharashtra,Loni,413736,19.5787536,74.4553167,322,115,120
14071,College of Veterinary and Animal Sciences,Maharashtra,Nideban,413517,18.3859118,77.1419781,231,0,236.06
14151,Vidya Pratishthan Commerce and Science College,Maharashtra,Pune,413106,18.1172619,75.0134038999999,367,240,156
14154,Annasaheb Awate College,Maharashtra,Manchar,410503,19.0126624,73.9523305,3814,1212,105
16545,Nivrutti Babaji Navale College of Commerce,Maharashtra,Lonavala,410401,18.7291022,73.4300617,691,0,160
16647,Vasantdada Sugar Institute,Maharashtra,Pune,412307,18.5245687,73.9720052,69,279,140
17364,'Industrial Design Centre, Indian Institute of Technology',Maharashtra,Mumbai,400076,19.1239285,72.9094407,,61,543
17523,Government Vidarbha Institute of Science and Humanities,Maharashtra,Amravati,444604,20.9549277,77.7523608,3425,1850,168
17600,Bhonsala Military College,Maharashtra,Nashik,422013,20.0106063,73.7527041999999,3990,1178,165
17602,Diamond College of Commerce and Science,Maharashtra,Nagpur,440013,21.1862411,79.0659179,93,360,10652.7
18055,GM Chaudhari Polytechnic,Maharashtra,Nandurbar,425409,21.5455841,74.4683333,822,330,250
19301,MIT School of Bioengineering Sciences and Research,Maharashtra,Pune,412201,18.4651914,74.0417628,,90,125
20208,Rural Medical College,Maharashtra,Loni,413736,19.5799296,74.4534475,1111,288,120
23345,Vidya Pratishthan College of Education,Maharashtra,Ahmednagar,414005,19.0952075,74.7495916,94,196,35000
23448,Shri SI Patil Arts GB Patel Science and STSKVS Commerce College,Maharashtra,Shahada,425409,21.5455841,74.4683333,1872,0,200
23513,Shri Shivaji College of Arts Commerce and Science,Maharashtra,Kandhar,431714,18.8736949,77.1873371,1681,0,130
24049,'Department of Geography, Savitribai Phule Pune University',Maharashtra,Pune,411007,18.5523618,73.826655,,160,411
24051,'The School of Public Health and Health Sciences, Savitribai Phule Pune University',Maharashtra,Pune,411007,18.5523618,73.826655,,0,411
127,National Institute of Technology Manipur,Manipur,Imphal,795004,24.8236023,93.9113634,526,213,341.5
1131,Manipur University,Manipur,Imphal,795003,24.7506337,93.9299458,3797,1512,287
6152,Regional Institute of Medical Sciences,Manipur,Imphal,795004,24.8158997,93.9228051,803,254,300
25065,National Sports University,Manipur,Imphal,795146,24.8976081,93.8316601999999,,0,325
399,Indian Institute of Management Shillong,Meghalaya,Shillong,793014,25.5602333,91.903818,204,0,120
691,National Institute of Technology Meghalaya,Meghalaya,Shillong,793003,25.5706702,91.8977131,853,318,300
904,North Eastern Hill University,Meghalaya,Shillong,793022,25.6048242,91.8941545,4723,322,1025
1081,University of Science and Technology,Meghalaya,Baridua,793101,26.1035956,91.8391485,3157,218,400
3377,Regional Institute of Science and Technology,Meghalaya,Jorabat,781022,26.1030143,91.8464102,,420,130
20065,Union Christian College,Meghalaya,Umnuih,793122,25.65769,91.8625620999999,921,0,170.2
132,National Institute of Technology Mizoram,Mizoram,Aizawl,796012,23.7502078,92.7223132,394,180,190.35
15115,College of Veterinary Sciences and Animal Husbandry,Mizoram,Aizawl,796014,23.808011,92.7336752,358,67,168.61
15806,Pachhunga University College,Mizoram,Aizawl,796005,23.7232572,92.7272181,2395,0,700
131,National Institute of Technology Nagaland,Nagaland,Dimapur,797103,25.7872385,93.7740106,459,137,291
1166,Nagaland University,Nagaland,Lumami,797004,25.7269462,94.0916300999999,2306,230,240
2226,Nagaland University,Nagaland,Thizama,797004,,,2306,358,801.96
14758,Kohima Science College,Nagaland,Jotsoma,797002,25.6657311,94.0754503,1191,480,200
19477,Christian Institute of Health Sciences and Research,Nagaland,Dimapur,797115,25.8607668,93.7800830999999,276,118,130
24168,Patkai Christian College,Nagaland,Dimapur,797103,,,1710,50,200
44,Sambalpur University,Odisha,Burla,768019,21.481248,83.883496,1525,1636,670
95,'Siksha ''O'' Anusandhan',Odisha,Bhubaneshwar,751003,20.2770252,85.7692277,10288,3005,200
110,Indian Institute of Technology Bhubaneswar,Odisha,Bhubaneshwar,751013,20.3007589,85.8294259,1453,704,936
141,National Institute of Technology Rourkela,Odisha,Rourkela,769008,22.2528177,84.9009678,4673,940,647.41
172,Veer Surendra Sai University of Technology,Odisha,Burla,768018,21.4988251,83.8991868,4260,1424,502
214,Kalinga Institute of Industrial Technology,Odisha,Bhubaneshwar,751024,20.3536348,85.8193327,23427,2949,200
630,Utkal University,Odisha,Bhubaneshwar,751004,20.2982144,85.8416252,4613,2084,399.9
634,Berhampur University,Odisha,Berhampur,760007,19.2978889,84.8779249,1729,394,250
672,Sri Sri University,Odisha,Govindpur,754006,20.4527139,85.7974481999999,1162,1380,185
720,Central University of Odisha,Odisha,Sunabeda,764021,18.7801372,82.7483581999999,651,140,450.09
1267,Indian Institute of Management Sambalpur,Odisha,Sambalpur,768200,21.5596346,84.0392487,96,0,237
2223,Ghanshyam Hemlata Institute of Technology and Management,Odisha,Puri,752002,19.854325,85.9549589,43,150,122
3842,Mahavir Institute of Engineering and Technology,Odisha,Bhubaneswar,751006,20.264173,85.8537417999999,564,636,102
4158,Jagannath Institute for Technology and Management,Odisha,Uppalada,761211,18.8317124,84.1679129,,444,120
4225,Indira Gandhi Institute of Technology,Odisha,Khalapal,759146,20.9346399,85.2618317,4493,819,179
6186,MKCG Medical College,Odisha,Brahmapur,760004,19.3076088,84.8109693999999,1379,486,162
7138,National Institute of Science Education and Research,Odisha,Bhubaneshwar,752050,20.1702462,85.6835908,641,800,300
8066,Maharaja Purna Chandra Autonomous College,Odisha,Baripada,757003,21.9296134,86.7644984999999,4760,1720,268.53
8079,Government College,Odisha,Sundargarh,770001,22.1196102999999,84.0238068999999,1722,541,127
11081,Sidharth Institute of Engineering and Technology,Odisha,Koraput,764021,18.8528343,82.7437437999999,,105,150
22746,Shailabala Women’s College,Odisha,Cuttack,753001,20.4755926,85.8728132999999,2074,994,126.409
130,National Institute of Technology Puducherry Karaikal,Puducherry,Thiruvettakudy,609609,10.9844326,79.8420265,609,240,258
442,Pondicherry University,Puducherry,Kalapet,605014,12.0263438,79.8492812,19027,2778,800
616,Jawaharlal Institute of Postgraduate Medical Education and Research,Puducherry,Puducherry,605006,11.9567035,79.796118,1531,675,192.2
3527,Pondicherry Engineering College,Puducherry,Pillaichavady,605014,12.0121322,79.8572427,2170,761,210
15,Indian Institute of Science Education and Research Mohali,Punjab,Sahibzada Ajit Singh Nagar,140306,30.6437111,76.7231905,1372,233,125
111,Indian Institute of Technology Ropar,Punjab,Rupnagar,140001,30.9794238,76.5401527,1191,369,500
147,Dr B R Ambedkar National Institute of Technology Jalandhar,Punjab,Jalandhar,144011,31.3956521,75.5305814,3228,1163,154
155,Lovely Professional University,Punjab,Phagwara,144411,31.6047985,74.9350657,,530,600
174,Thapar Institute of Engineering and Technology,Punjab,Patiala,147004,30.3544483,76.3659895,7600,3140,250
192,Sant Longowal Institute of Engineering and Technology,Punjab,Longowal,148106,30.2065026,75.6891315,3677,1517,451
326,Chandigarh University,Punjab,Chandigarh,140413,30.7670957,76.5753727,22853,820,200
327,Sri Guru Granth Sahib World University,Punjab,Fatehgarh Sahib,140406,30.6479174,76.3897733,3117,2696,136.75
635,Guru Nanak Dev University,Punjab,Amritsar,143005,31.6345171,74.8229316,9057,5095,500
679,Netaji Subhas National Institute of Sports,Punjab,Patiala,147001,30.311698,76.3959787,,6,268
747,National Institute of Pharmaceutical Education and Research SAS Nagar,Punjab,Sahibzada Ajit Singh Nagar,160062,30.6869689,76.7319519,,0,130
755,Punjab Agricultural University,Punjab,Ludhiana,141004,30.8995193,75.8040022,2869,1518,1222
897,Punjabi University,Punjab,Patiala,147002,30.3602301,76.4477267,27952,6883,600
9423,Khalsa College of Law,Punjab,Amritsar,143005,31.641024,74.8298569999999,737,300,330
9481,Rayat College of Law,Punjab,Rail,144533,30.9913051,76.4781931,523,180,300
10234,Khalsa College,Punjab,Amritsar,143002,31.6339548,74.8358221999999,5999,240,330
11661,Rayat Polytechnic College,Punjab,Rail,144533,30.9897627999999,76.4799855999999,821,840,300
19718,International Divine College of Education,Punjab,Mullanpur Garibdass,140901,30.7993242,76.7423445,103,125,125
86,Jai Narain Vyas University,Rajasthan,Jodhpur,342001,26.2440384,73.0205823,20686,180,592.46
106,Indian Institute of Technology Jodhpur,Rajasthan,Jodhpur,342037,26.4632828,73.1054544,831,247,852
122,Bhagwant University,Rajasthan,Ajmer,305023,26.5375004,74.6607913,3553,925,150
159,Jaipur National University,Rajasthan,Jaipur,302017,26.8530738,75.8696678,19329,2055,170
282,Manipal University,Rajasthan,Jaipur,303007,26.8512599,75.5717229,7482,240,122
292,Mody University of Science and Technology,Rajasthan,Sikar,332311,27.8169503,75.0294148,2193,1658,265
328,Institute of Advanced Studies in Education,Rajasthan,Jaisangsar,331403,28.4438229,74.5166091999999,,1222,1000
535,Institute of Rural Management,Rajasthan,Jaipur,302020,26.844045,75.77276,,180,121
544,Birla Institute of Technology and Science,Rajasthan,Pilani,333031,28.3580163,75.5887989,11350,60,328
582,Malaviya National Institute of Technology Jaipur,Rajasthan,Jaipur,302017,26.862848,75.8197028,4308,1441,317
637,Indian Institute of Management Udaipur,Rajasthan,Udaipur,313001,24.5998889,73.7257198,412,200,300
694,Indian Institute of Information Technology,Rajasthan,Jaipur,302017,26.8487444,75.8054336,433,180,100.37
705,Amity University,Rajasthan,Jaipur,303002,27.1784417,75.9592893,3335,340,152
732,Banasthali Vidyapith,Rajasthan,Jaipur,304022,26.853463,75.7909247,11570,1617,850
899,University of Rajasthan,Rajasthan,Jaipur,302004,26.8991132,75.8172742,3665,5363,338.14
979,Dr Sarvepalli Radhakrishnan Rajasthan Ayurved University,Rajasthan,Jodhpur,342037,26.4632828,73.1054544,9256,0,322
1004,Rajasthan University of Veterinary and Animal Sciences,Rajasthan,Bikaner,334001,28.0319677,73.3298099,8290,223,200
1076,University of Kota,Rajasthan,Kota,324005,25.1244669,75.8098141,1017,857,148
1136,Maharshi Dayanand Saraswati University,Rajasthan,Ajmer,305009,26.504979,74.6809829999999,1311,1053,766
1190,Mohanlal Sukhadia University,Rajasthan,Udaipur,313001,24.5904377,73.7282942,18149,1003,607
1316,Government Dungar College,Rajasthan,Bikaner,334001,28.0157611,73.3393952999999,9362,0,106.79
2258,Shri Bhavani Niketan Institute of Technology and Management,Rajasthan,Jaipur,302039,26.9486593,75.7669326,,150,350
2268,Government Engineering College,Rajasthan,Ajmer,305025,26.4479337,74.7019457999999,2095,726,300
2889,Stani Memorial College of Engineering and Technology,Rajasthan,Phagi,303005,26.563751,75.5768699999999,460,300,110
3790,Marudhar Engineering College,Rajasthan,Bikaner,334022,28.056365,73.4895572,,504,135
8488,Dayanand College,Rajasthan,Ajmer,305003,26.424276,74.6365501999999,2117,65,250
10359,Biyani Girls B Ed College,Rajasthan,Jaipur,302039,26.9620727,75.7816225,473,200,132
10972,Shri Bhawani Niketan Teachers Training College,Rajasthan,Jaipur,302039,26.9463556,75.76895,310,200,350
13095,Regional Institute of Education,Rajasthan,Ajmer,305004,26.4832156,74.612959,720,240,110
13848,Biyani Group of Colleges,Rajasthan,Jaipur,302039,26.9566218,75.7790747999999,,50,132
16497,Shri Bhawani Niketan Mahila PG Mahavidyalaya,Rajasthan,Jaipur,302039,26.9469401,75.7733043,2377,1700,350
16680,Veer Teja Mahila Shikshan and Shodh Sansthan,Rajasthan,Mundwa,341026,26.9989158,73.8213352999999,244,0,123.9
21478,Gramodaya Mahavidyalaya,Rajasthan,Jodhpur,342602,26.1750599,73.6712800999999,116,100,250
21640,Rana Pratap Physical Teachers Training College,Rajasthan,Bhinder,313603,24.500894,74.1850289,197,100,114.95
21749,College of Veterinary and Animal Science,Rajasthan,Bikaner,334001,28.2165605,73.1349605,633,221,494.2
21750,College of Veterinary and Animal Sciences,Rajasthan,Vallabhnagar,313601,24.6538171,74.0238363999999,,0,553.516
21900,Shri Bhawani Niketan Law College,Rajasthan,Jaipur,302039,26.9468179,75.7689683999999,473,240,350
22193,Amity Law School,Rajasthan,Syari,303002,27.1745074,75.9552893999999,,300,1000
22399,Raj Rishi College,Rajasthan,Alwar,301001,27.5492168,76.6165186,17049,1325,250
1052,Sikkim University,Sikkim,Gangtok,737102,27.1386318,88.5159404,1681,807,265
1388,SRM University,Sikkim,Gangtok,737102,27.3163957,88.5958327,646,0,300
16,Dr MGR Educational and Research Institute,Tamil Nadu,Chennai,600095,13.0645638,80.1595935,9814,1840,300
21,Vellore Institute of Technology,Tamil Nadu,Vellore,632014,12.9723913,79.1576752,26855,0,250
76,Shanmugha Arts Science Technology Research and Academy,Tamil Nadu,Thanjavur,613401,10.7272788,79.020801,9838,0,232
115,Indian Institute of Technology Madras,Tamil Nadu,Chennai,600036,12.9914929,80.2336907,9574,1136,617.763
134,National Institute of Technology Tiruchirappalli,Tamil Nadu,Tiruchirappalli,620015,10.7595036,78.8283543,5066,1290,800
156,Karunya Institute of Technology and Sciences,Tamil Nadu,Coimbatore,641114,10.9404984,76.7423094,8504,1902,700
203,Noorul Islam Centre For Higher Education,Tamil Nadu,Kanyakumari,629180,8.2571556,77.3525419,1773,1340,300
215,Kalasalingam Academy of Research and Education,Tamil Nadu,Krishnan Kovil,626126,9.3049311,77.4175305,7393,1578,163
453,Avinashilingam Institute for Home Science and Higher Education for Women,Tamil Nadu,Coimbatore,641043,11.14934,76.94595,6432,3079,110.98
564,Bharath Institute of Higher Education and Research,Tamil Nadu,Chennai,600073,12.9223967,80.1383623,9856,6534,305
589,Bharathiar University,Tamil Nadu,Coimbatore,641046,11.0390221,76.87642,72124,1908,1000
636,Indian Institute of Management Tiruchirappalli,Tamil Nadu,Tiruchirappalli,620015,10.7595036,78.8283543,355,200,170.27
678,VIT University,Tamil Nadu,Kelambakkam,600048,12.8410016,80.1538918,7129,3120,177
699,Alagappa University,Tamil Nadu,Karaikudi,630003,10.0779985,78.7915367,51964,148,440
724,Amrita Vishwa Vidyapeetham,Tamil Nadu,Coimbatore,641112,10.8977885,76.9038011,20270,1470,400
727,SRM Institute of Science and Technology,Tamil Nadu,Kattankulathur,603203,12.8217024,80.0385817,50479,1815,250
728,Annamalai University,Tamil Nadu,Chidambaram,608002,11.3933092,79.7105393,227153,2182,950
731,Gandhigram Rural Institute,Tamil Nadu,Chinnalapatti,624302,10.2866333,77.9318668,3188,170,200
734,Sathyabama Institute of Science and Technology,Tamil Nadu,Chennai,600119,12.8724482,80.218513,12678,4090,134
736,Saveetha Institute of Medical and Technical Sciences,Tamil Nadu,Chennai,600077,13.073323,80.123188,158,412,150
737,Periyar Maniammai Institute of Science and Technology,Tamil Nadu,Thanjavur,613403,10.7323623,79.0711114,2929,860,116.02
743,Anna University,Tamil Nadu,Chennai,600025,13.0110816,80.2363137,4896,1650,255.55
748,Sri Ramachandra Institute of Higher Education and Research,Tamil Nadu,Chennai,600116,13.0092179,80.1455035,6013,2023,150
867,Hindustan Institute of Technology and Science,Tamil Nadu,Chennai,603103,12.800201,80.2234667,6857,2356,150
885,Bharathidasan University,Tamil Nadu,Tiruchirappalli,620024,10.6735447,78.7449038,,0,631.17
901,Madurai Kamaraj University,Tamil Nadu,Madurai,625021,9.9354343,77.9159078,,314,528
956,Central University of Tamil Nadu,Tamil Nadu,Thiruvarur,610101,10.8166139,79.636234,1688,659,516.76
1050,Tamil University,Tamil Nadu,Thanjavur,613005,10.7364052,79.0979483999999,13882,0,850
1060,Thiruvalluvar University,Tamil Nadu,Vellore,632115,13.0295139,79.2110118,335,0,112.68
1132,Manonmaniam Sundaranar University,Tamil Nadu,Tirunelveli,627012,8.7669548,77.6450215,23826,1373,550
2071,Agricultural Engineering College and Research Institute,Tamil Nadu,Kumulur,621712,10.9329134,78.826897,284,0,280
2450,College of Engineering,Tamil Nadu,Chennai,600025,13.0098858,80.2317392,8075,0,223
2454,RVS College of Engineering and Technology,Tamil Nadu,Coimbatore,641402,11.0155376,77.1035051999999,1113,446,200
2568,Hindusthan College of Engineering and Technology,Tamil Nadu,Coimbatore,641050,10.8915566,76.9908124999999,4993,1650,200
2638,Vins Christian Womens College of Engineering,Tamil Nadu,Nagercoil,629502,8.20413649999999,77.3830517999999,536,408,100.15
2784,Thiagarajar College of Engineering,Tamil Nadu,Madurai,625015,9.8788773,78.0842757,3958,1171,143
3142,Shri Angalamman College of Engineering and Technology,Tamil Nadu,Tiruchirappalli,621105,10.9891378,78.7815428,485,360,122
3207,Sethu Institute of Technology,Tamil Nadu,S.Kallupatti,626115,9.7011818,78.0965691,4673,1230,132
3214,Sembodai Rukmani Varatharajan Engineering College,Tamil Nadu,Sembodai,614809,10.4524739,79.8333924999999,441,306,300
3226,SCAD Institute of Technology,Tamil Nadu,Chithambalam,641664,10.9575854,77.2843333,490,300,600
3232,Saveetha Engineering College,Tamil Nadu,Chennai,602105,13.0295314,80.0115701,4589,1776,120
3258,Saraswathy College of Engineering and Technology,Tamil Nadu,Tindivanam,604001,12.3045168,79.739948,191,150,106
3475,PSN Institute of Technology and Science,Tamil Nadu,Palayamkottai,627451,8.6402143,77.6381328,684,540,250
3536,PGP College of Engineering and Technology,Tamil Nadu,Sundakkampalayam,637207,11.1747256,78.0464147,529,648,275
3560,Panimalar Institute of Technology,Tamil Nadu,Pidarithangal,600123,13.0528147,80.0749154,3648,780,600
3561,Panimalar Engineering College,Tamil Nadu,Chennai,600123,13.0503641,80.0748074,6887,1920,127
3666,National Engineering College,Tamil Nadu,Thoothukudi,628503,9.1710503,77.8527818,2820,775,150
3725,Mohamed Sathak Engineering College,Tamil Nadu,Kilakarai,623806,9.2343379,78.7836027,2084,1052,250
3759,Mepco Schlenk Engineering College,Tamil Nadu,Melamattur,626005,9.5246787,77.8553089,3764,1191,195
3840,Mahendra Engineering College,Tamil Nadu,Mallasamudram,637503,11.4939429,78.0295273,3853,1580,130
3950,Kumaraguru College of Technology,Tamil Nadu,Coimbatore,641006,11.0487131,76.9837455,5921,1728,150
3977,Kongu Engineering College,Tamil Nadu,Perundurai,638052,11.2745621,77.5826034,8418,2469,167
3996,Kingston Engineering College,Tamil Nadu,Kunjanur R.F.,632059,13.0127035,79.1333698999999,1941,792,120
4049,Kalasalingam Institute of Technology,Tamil Nadu,Srivilliputtur,626126,9.5963075,77.6822442,834,462,200
4064,KS Rangasamy College of Technology,Tamil Nadu,Tiruchengode,637215,11.363772,77.8279727,4488,1530,300
4105,JKK Munirajah College of Technology,Tamil Nadu,Punjaithuraiyampalayam,638506,11.514333,77.4546298,615,612,250
4197,Institute of Road and Transport Technology,Tamil Nadu,Suriyampalayam,638316,11.4227922,77.6766693,1750,528,350
4494,Builders Engineering College,Tamil Nadu,Tirupur,638108,11.0714545,77.6525114999999,1412,732,200
4624,CSIR-Central ElectroChemical Research Institute,Tamil Nadu,Karaikudi,630003,10.083894,78.8028666,143,40,300
4726,CAPE Institute of Technology,Tamil Nadu,Tirunelveli,627114,8.17809649999999,77.5523084999999,1386,648,150
4849,Bannari Amman Institute of Technology,Tamil Nadu,Erode,638401,11.514333,77.4546298,6933,2388,180
5038,Alagappa Chettiar College of Engineering and Technology,Tamil Nadu,Karaikudi,630004,10.0731315,78.7801544,2009,912,144.39
5077,Adhiyamaan College of Engineering,Tamil Nadu,Krishnagiri,635109,12.7123863,77.879602,,1896,250
5495,SSN School of Management and Computer Application,Tamil Nadu,Kalavakkam,603110,12.7522333,80.1958755,190,120,250
5513,'Virudhunagar Hindu Nadars'' Senthikumara Nadar College',Tamil Nadu,Virudhunagar,626001,9.57483699999999,77.974241,3871,1824,145.27
5757,Christian Medical College,Tamil Nadu,Vellore,632004,12.9240862,79.1362168,994,361,200
5794,Madras Christian College,Tamil Nadu,Chennai,600059,12.9238943,80.1198039,6727,30,365
5867,Sri Ramachandra Medical College and Research Institute,Tamil Nadu,Chennai,600116,13.039083,80.1435247,6013,518,175
6111,Chengalpattu Medical College,Tamil Nadu,Chengalpattu,603001,12.6710248,79.9803604999999,1904,634,240
6134,Government Mohan Kumaramangalam Medical College,Tamil Nadu,Salem,636030,11.6715968,78.0675407,1025,172,150
6165,Government Dharamapuri Medical College,Tamil Nadu,Dharmapuri,636701,12.1250374,78.1516329999999,,106,687
6168,Tirunelveli Medical College,Tamil Nadu,Tirunelveli,627007,8.7117515,77.7508166999999,,212,228
6178,Kanyakumari Government Medical College,Tamil Nadu,Asaripallam,629003,8.1737402,77.3960267,735,221,100.5
6328,Chennai Medical College Hospital and Research Centre,Tamil Nadu,Irungalur,621105,10.9545471,78.7551019,749,167,135
7208,IRT Perundurai Medical College,Tamil Nadu,Perundurai,638053,11.2808275,77.5674943999999,400,120,327
7403,RVS Technical Campus,Tamil Nadu,Coimbatore,641402,11.0161601,77.1021754999999,,756,200
7498,RVS College of Computer Application,Tamil Nadu,Coimbatore,641402,11.0171822,77.1027226999999,48,60,200
7535,Ayya Nadar Janaki Ammal College,Tamil Nadu,Virudhunagar,626124,9.4474411,77.7523608,6186,0,157
8169,SSN School of Management,Tamil Nadu,Kalavakkam,603110,12.7522333,80.1958755,,120,250
8189,SRM Medical College Hospital and Research Centre,Tamil Nadu,Chennai,603203,12.8336666,80.0199562,687,272,250
8805,Arulmigu Kalasalingam College of Pharmacy,Tamil Nadu,Virudhunagar,626138,9.5757654,77.6833374,298,196,230
11510,Sankar Polytechnic College,Tamil Nadu,Thalaiyuthu,627357,8.7923196,77.7152525,1035,440,120
11518,Arulmigu Kalasalingam Polytechnic College,Tamil Nadu,Pillaiyarnatham,624219,10.1064589,77.8538797,831,420,200
11931,Sakthi Polytechnic College,Tamil Nadu,Sakthi Nagar,638502,11.4917889,77.5629865999999,1592,520,102
12520,Sri Sairam Ayurveda Medical College and Research Centre,Tamil Nadu,Chennai,602109,12.9622362,80.0555878999999,261,50,200
12734,PGP College of Nursing and Research,Tamil Nadu,Namakkal,637207,11.1814728,78.0537812999999,181,70,200
13021,Sri Sairam Homoeopathy Medical College and Research Centre,Tamil Nadu,Chennai,600045,12.9269775,80.1120935,281,50,200
13144,Nehru School of Architecture,Tamil Nadu,Coimbatore,641008,10.9551651,76.9548428,80,40,300
15406,Post Graduate Research Institute in Animal Sciences,Tamil Nadu,Chennai,603203,12.8194435,80.0348048999999,,0,609.58
15553,Thanthai Roever Institute of Agriculture and Rural Development,Tamil Nadu,Elambalur,621115,11.302521,78.9132498999999,351,0,128.4
16384,Raja Doraisingam Government Arts College,Tamil Nadu,Sivaganga,630561,9.8485883,78.4894288,3448,1240,216.65
17092,Saveetha Medical College and Hospital,Tamil Nadu,Kuthambakkam,600124,13.0245972,80.0172208999999,938,208,120
17094,Shri Sathya Sai Medical College and Research Institute,Tamil Nadu,Nellikuppam,603108,12.7455496,80.1320045,804,370,135
18054,PGP Polytechnic College,Tamil Nadu,Namakkal,637207,11.1738663,78.0440625,331,255,200
22506,'Bharath Institute of Law, Bharath University',Tamil Nadu,Chennai,600126,12.9085814,80.1396029,,360,305
23063,PGP College of Education,Tamil Nadu,Namakkal,637207,11.1745917,78.0500776,202,250,200
24354,PGP College of Pharmaceutical Science and Research Institute,Tamil Nadu,Namakkal,637207,11.1814728,78.0537812999999,250,78,200
27,Rajiv Gandhi University of Knowledge Technologies,Telangana,Nirmal,504107,18.8801751,77.9538767,3522,422,272
88,Kakatiya University,Telangana,Hanamkonda,506009,18.0280771,79.5519144,19122,404,640
100,Osmania University,Telangana,Hyderabad,500007,17.4180039,78.5273363,31499,2486,1300
109,Indian Institute of Technology Hyderabad,Telangana,Hyderabad,502329,17.583632,78.1204989,,375,576
133,National Institute of Technology Warangal,Telangana,Warangal,506004,17.9789279,79.537108,4271,506,248
304,BITS Pilani- Hyderabad Campus,Telangana,Hyderabad,500078,17.5473921,78.5722982,,0,275
387,Dhruva College of Management,Telangana,Hyderabad,501401,17.6047239,78.4906599,,270,800
389,Indian School of Business,Telangana,Hyderabad,500032,17.4358411,78.3467857,,12,260
584,University of Hyderabad,Telangana,Hyderabad,500046,17.4530314,78.3303925,,1960,2000
840,GITAM School of Technology,Telangana,Rudraram,502329,17.5415192,78.155036,,180,125
921,Mahatma Gandhi University,Telangana,Nalgonda,508254,17.1428966,79.2162742,1710,0,240
925,Telangana University,Telangana,Nizamabad,503322,18.604466,78.2105857,2027,810,577
932,Satavahana University,Telangana,Karimnagar,505001,18.4551173,79.0964047,965,314,200
1033,Potti Sreeramulu Telugu University,Telangana,Hyderabad,500004,17.3953217,78.4699368,4392,600,182
1186,Maulana Azad National Urdu University,Telangana,Hyderabad,500032,17.4432318,78.355529,41514,2191,200
1205,Woxsen School of Business,Telangana,Hyderabad,500033,17.4270797,78.4144229999999,,180,200
1426,National Academy of Agricultural Research Management,Telangana,Hyderabad,500030,17.313297,78.4127389999999,64,60,123.55
2765,TRR Engineering College,Telangana,Hyderabad,502319,17.5852825,78.2620987,349,1164,123
2767,TRR College of Engineering,Telangana,Hyderabad,502319,17.5836964,78.2658549999999,349,1284,123
3570,BV Raju Institute of Technology,Telangana,Narsapur,502313,17.7394297,78.2846303,4350,1392,110
3825,Malla Reddy College of Engineering for Women,Telangana,Hyderabad,500014,17.5431961,78.436819,832,420,200
4812,Bharat Institute of Engineering and Technology,Telangana,Hyderabad,501510,17.2065296,78.6010337,2922,1290,120
4909,'Aurora''s Engineering College',Telangana,Nalgonda,508116,17.5399666,78.9159374999999,1000,1117,600
5361,JNTUH College of Engineering,Telangana,Pulkal,502273,17.7302435,78.0912216,896,260,164
6768,Bharat School of Pharmacy,Telangana,Mangalpalle,501510,17.2102337,78.59731,,188,120
6772,Bhaskar Pharmacy College,Telangana,Hyderabad,500075,17.3297115,78.2748721,421,120,106
7155,Kakatiya Medical College,Telangana,Warangal,506007,18.0013286,79.5911249999999,,316,152.2
7180,University College of Engineering Osmania University,Telangana,Hyderabad,500007,17.4150592,78.5254411,,985,200
7286,University College of Engineering Kakatiya University,Telangana,Kothagudem,507101,17.5515836,80.6147391,,225,500
8557,Loyola Academy Degree and PG College,Telangana,Secunderabad,500010,17.5053506,78.5014759,,215,132
20105,Government Arts and Science College,Telangana,Kamareddy,503111,18.3239953,78.3343051,1622,760,180
21008,Sri Balaji Dental College and Hospital,Telangana,Hyderabad,600100,12.943908,80.2075813999999,,100,120
153,National Institute of Technology Agartala,Tripura,Agartala,799046,23.8460231,91.4193124,3428,957,365.6
72,Teerthanker Mahaveer University,Uttar Pradesh,Bagadpur,244102,28.8243717,78.6577621,10774,152,140
75,Madan Mohan Malaviya University of Technology,Uttar Pradesh,Gorakhpur,273001,26.7271692,83.4292944,3065,944,338.52
93,Veer Bahadur Singh Purvanchal University,Uttar Pradesh,Jaunpur,222003,,,1969,950,171.5
114,Indian Institute of Technology Kanpur,Uttar Pradesh,Kanpur,208016,26.5110131,80.246872,,850,1055
148,Motilal Nehru National Institute of Technology Allahabad Prayagraj,Uttar Pradesh,Allahabad,211004,25.4918881,81.8675096,4677,1501,222
223,Mahatma Jyotiba Phule Rohilkhand University,Uttar Pradesh,Bareilly,243006,28.3661064,79.457616,2956,640,207
230,Harcourt Butler Technical University,Uttar Pradesh,Kanpur,208002,26.4926066,80.3018107,,735,348
267,Dr Ram Manohar Lohia Avadh University,Uttar Pradesh,Faizabad,224001,26.7561229,82.1416128,,2486,112
271,Sam Higginbottom Institute of Agriculture Technology and Science,Uttar Pradesh,Allahabad,211007,25.4116107,81.8444731,,5576,900
286,Bundelkhand University,Uttar Pradesh,Jhansi,284128,25.4698385,78.6200129,7376,5440,186
288,Shiv Nadar University,Uttar Pradesh,Greater Noida,201314,28.5461902,77.55621,2203,305,286
545,Aligarh Muslim University,Uttar Pradesh,Aligarh,202001,27.9071974,78.0754117,26194,7654,1155
548,Indian Institute of Management Lucknow,Uttar Pradesh,Lucknow,226013,26.9405032,80.8958627,1273,0,200
550,University of Lucknow,Uttar Pradesh,Lucknow,226007,26.8643705,80.9346275,,11888,223
551,GLA University,Uttar Pradesh,Mathura,281406,27.6199806,77.5805685,10187,187,110
617,Sanjay Gandhi Postgraduate Institute of Medical Sciences,Uttar Pradesh,Lucknow,226014,26.7443508,80.9394356999999,,101,550
681,Institute of Mental Health and Hospital,Uttar Pradesh,Agra,282007,27.2004716,77.986706,,10,172.8
729,Amity University,Uttar Pradesh,Noida,201313,28.5437925,77.3310067,49567,0,1000
866,Glocal University,Uttar Pradesh,Qasimpur Mazra Padli,247121,30.2902342,77.6411198,,180,300
875,Banaras Hindu University,Uttar Pradesh,Varanasi,221005,25.269363,82.9924889,27233,7464,1300
881,University of Allahabad Allahabad,Uttar Pradesh,Allahabad,211002,25.4711537,81.8647787,12782,9045,232.261
890,Chaudhary Charan Singh University,Uttar Pradesh,Meerut,250004,28.9691344,77.7405040999999,2491,1970,222
905,Deen Dayal Upadhyaya Gorakhpur University,Uttar Pradesh,Gorakhpur,273001,26.7479532,83.3811799,12122,0,300
928,Chhatrapati Shahu ji Maharaj University,Uttar Pradesh,Kanpur,208024,26.4968544,80.266605,3852,2390,264
977,Gautam Buddha University,Uttar Pradesh,Greater Noida,201312,28.4216627,77.5254431999999,3609,1576,511
1101,Dr Shakuntala Misra National Rehabilitation University,Uttar Pradesh,Lucknow,226017,26.8329267,80.8372414,,2457,131
1165,Mohammad Ali Jauhar University,Uttar Pradesh,Rampur,244927,28.8793375,79.0178866999999,1715,60,350
1167,UP Pandit Deen Dayal Upadhyaya Pashu Chikitsa Vigyan Vishwavidyalaya Evam Go Anusandhan Sansthan,Uttar Pradesh,Mathura,281001,27.4556838,77.6965573,723,205,782.32
1177,Narendra Deva University of Agriculture and Technology,Uttar Pradesh,Kumarganj,224229,26.5412474,81.8319573999999,,42,988.422
1185,Swami Vivekanand Subharti University,Uttar Pradesh,Meerut,250005,28.9791011,77.6400098,72326,1898,250
1381,Rama University,Uttar Pradesh,Mandhana,209217,26.5560461,80.223289,2575,240,150
1508,National Sugar Institute,Uttar Pradesh,Kanpur,208017,26.5068262,80.251966,444,269,524
1691,Rani Lakshmi Bai Central Agricultural University,Uttar Pradesh,Jhansi,284003,25.4600153,78.5320107,,80,300
1867,Indira Gandhi Rashtriya Uran Akademi,Uttar Pradesh,Fursatganj,229302,26.2505174,81.3765829999999,,0,239
1884,Banda University of Agriculture and Technology,Uttar Pradesh,Banda,210001,25.5269348,80.3418173,,138,948
2488,University Institute of Engineering and Technology CSJMU,Uttar Pradesh,Kanpur,208024,26.4957796,80.2627973,,360,265
2753,United College of Engineering and Management,Uttar Pradesh,Allahabad,211009,25.3424002999999,81.9021090999999,,600,200
4746,Bundelkhand Institute of Engineering and Technology,Uttar Pradesh,Jhansi,284128,25.4538655,78.6076277,1508,528,240
4816,Bhagwant Institute of Technology,Uttar Pradesh,Kailashpur Jasmor,251315,29.3322312,78.0024134,,738,150
4822,Bhabha Institute of Technology,Uttar Pradesh,Birtiyana Shiwali,209204,26.596509,80.0223539999999,,720,200
5015,Ambalika Institute of Management and Technology,Uttar Pradesh,Lucknow,226301,26.640658,80.937171,1915,906,200
5280,Zakir Husain College of Engineering and Technology Aligarh Muslim University,Uttar Pradesh,Aligarh,202001,27.9148588,78.0763789999999,,769,113
5642,United Institute of Management,Uttar Pradesh,Allahabad,211003,25.4331064,81.8415615999999,,360,200
5774,'Faculty of Law, Banaras Hindu University',Uttar Pradesh,Varanasi,221005,25.2695975,82.9981975,,920,1360
6105,Baba Raghav Das Medical College,Uttar Pradesh,Gorakhpur,273013,26.813584,83.3999653999999,,154,147.6
6180,LLRM Medical College,Uttar Pradesh,Meerut,250002,28.9593882,77.7496621,,448,150.49
6187,Maharani Laxmibai Medical College,Uttar Pradesh,Jhansi,284128,25.4698385,78.6200129,,173,380
8426,Vasanta College for Women,Uttar Pradesh,Varanasi,221001,25.3313099,83.0401653,4325,150,350
8498,Meerut College,Uttar Pradesh,Meerut,250001,28.993419,77.7208165,9230,7326,102
9215,Naraina Vidya Peeth Management Institute,Uttar Pradesh,Kanpur,208020,26.4625887,80.2206287,,60,138
9236,Naraina College of Management,Uttar Pradesh,Kanpur,208020,26.4625887,80.2206287,186,0,138
10459,BNKB PG College,Uttar Pradesh,Akbarpur,224122,26.4356858,82.5383627,1485,0,130.17
17061,Government Medical College,Uttar Pradesh,Banda,210001,25.4378878,80.3538429999999,,100,102
17235,CII School of Logistics,Uttar Pradesh,Noida,600113,12.9909406,80.2433955999999,,0,1000
20292,Subharti College of Education and Physical Education,Uttar Pradesh,Meerut,250005,28.9770195,77.6407258,,214,250
22286,Teerthanker Mahaveer College of Computing Sciences and Information Technology,Uttar Pradesh,Moradabad,244102,28.8243717,78.6577621,,0,140
22677,Feroze Gandhi College,Uttar Pradesh,Raebareli,229001,26.2166677,81.2441458999999,4222,3396,286
112,Indian Institute of Technology Roorkee,Uttarakhand,Roorkee,247667,29.8662184,77.8953181,7395,1655,365
346,Hemwati Nandan Bahuguna Garhwal University,Uttarakhand,Naur,246174,30.2228273,78.7821969,20232,9869,267.938
638,Indian Institute of Management Kashipur,Uttarakhand,Kashipur,244713,29.180916,78.9995154,519,12,200
741,Gurukula Kangri Vishwavidyalaya,Uttarakhand,Haridwar,249404,29.9187724,78.1265104,5245,1464,204.83
760,Govind Ballabh Pant University of Agriculture and Technology,Uttarakhand,Pantnagar,263145,29.017716,79.5179248,,1603,16000
762,Kumaun University,Uttarakhand,Nainital,263001,29.3844306,79.456325,9160,1267,160
2352,Bipin Tripathi Kumaon Institute of Technology,Uttarakhand,Hulank Talli Mirai,263653,29.7544811,79.427461,1559,594,155
9127,'Department of Management Studies, Kumaun University',Uttarakhand,Nainital,263136,29.3543815,79.5524499,,30,160
87,Bidhan Chandra Krishi Vishwavidyalaya,West Bengal,Manpur,741252,22.9478168,88.527922,1610,435,1726.75
117,Indian Institute of Technology Kharagpur,West Bengal,Kharagpur,721302,22.3182741,87.3078204,11902,1211,2100
120,Indian Institute of Science Education and Research Kolkata,West Bengal,Kolkata,741246,21.8398171,87.4232306,1314,0,201
150,National Institute of Technology Durgapur,West Bengal,Durgapur,713209,23.5534282,87.2888747,3682,1571,187
169,University of Kalyani,West Bengal,Kalyani,741235,22.9861788,88.4464452,8568,2004,346.47
252,Indian Institute of Engineering Science and Technology Shibpur,West Bengal,Howrah,711103,22.5559592,88.3143806,3209,1042,121.082
433,Indian Institute of Management Calcutta,West Bengal,Kolkata,700104,22.4461043,88.3038262,3123,0,135
445,University of North Bengal,West Bengal,Darjeeling,734013,27.0360066,88.2626751,4708,463,333.95
835,Vidyasagar University,West Bengal,Medinipur,721102,22.4259758,87.2991505,6918,2113,138.78
877,Visva-Bharati,West Bengal,Bolpur,731235,23.6828238,87.6867543,6503,3931,1127.33
902,University of Burdwan,West Bengal,Bardhaman,713103,23.2392321,87.8511907,18706,2849,316.31
1593,Amity University,West Bengal,Kadampukur,700135,22.5958706,88.4876365,3291,240,1000
4144,Jalpaiguri Government Engineering College,West Bengal,Jalpaiguri,735102,26.5434772,88.7205256,1677,390,165
5450,Vinod Gupta School of Management Indian Institute of Technology,West Bengal,Kharagpur,721302,22.3145443,87.3090683,,140,1300
6198,North Bengal Medical College,West Bengal,Darjeeling,734011,26.6907325,88.3849092,1080,222,161
9038,Ghani Khan Choudhury Institute of Engineering And Technology,West Bengal,Malda,732102,25.1969863,88.0583123,900,390,101
14030,Ramakrishna Mission Residential College,West Bengal,Kolkata,700103,22.4385323,88.4001726,640,0,150
14036,Sundarban Mahavidyalaya,West Bengal,Kakdwip,743347,21.8734118,88.1893013999999,3477,0,327
15302,Jhargram Raj College,West Bengal,Jhargram,721507,22.4370351,86.9924358,2253,47,313
21212,Nabagram Amar Chand Kundu College,West Bengal,Nabagram,742184,24.191606,88.096798,2239,942,327
